Segment>>,Consumer,F3,F4,F5,Consumer Total,Corporate,F8,F9,F10,Corporate Total,Home Office,F13,F14,F15,Home Office Total
Ship Mode>>,First Class,Same Day,Second Class,Standard Class,,First Class,Same Day,Second Class,Standard Class,,First Class,Same Day,Second Class,Standard Class,
Order ID,,,,,,,,,,,,,,,
CA-2011-100293,,,,,,,,,,,,,,91.055999999999997,91.056
CA-2011-100706,,,129.44,,129.44,,,,,,,,,,
CA-2011-100895,,,,605.47,605.47,,,,,,,,,,
CA-2011-100916,,,,,,,,,788.86,788.86,,,,,
CA-2011-101266,,,13.36,,13.36,,,,,,,,,,
CA-2011-101560,,,,,,,,542.33999999999992,,542.34,,,,,
CA-2011-101770,,,,,,,,,1.8690000000000004,1.869,,,,,
CA-2011-102274,,,,,,,,,865.5,865.5,,,,,
CA-2011-102673,,,,,,,,,1044.4399999999998,1044.44,,,,,
CA-2011-102988,,,,,,,,4251.9199999999992,,4251.92,,,,,
CA-2011-103317,,,,,,242.54600000000002,,,,242.546,,,,,
CA-2011-103366,149.94999999999999,,,,149.95,,,,,,,,,,
CA-2011-103807,,,,,,,,,21.19,21.19,,,,,
CA-2011-103989,,,,,,590.76200000000017,,,,590.762,,,,,
CA-2011-104283,,,,616.14,616.14,,,,,,,,,,
CA-2011-106054,,,,,,12.78,,,,12.78,,,,,
CA-2011-106810,,,,,,,,,310.88000000000005,310.88,,,,,
CA-2011-107573,,,,23.472000000000001,23.472,,,,,,,,,,
CA-2011-107811,,,,,,,,,661.50400000000013,661.504,,,,,
CA-2011-108707,,,,,,,,,,,,,,10.368000000000002,10.368
CA-2011-109043,243.60000000000002,,,,243.6,,,,,,,,,,
CA-2011-109232,,,545.93999999999994,,545.94,,,,,,,,,,
CA-2011-110100,,,,302.37599999999998,302.376,,,,,,,,,,
CA-2011-110408,,,,,,,,2216.8000000000002,,2216.8,,,,,
CA-2011-110422,,,25.248000000000001,,25.248,,,,,,,,,,
CA-2011-111500,,,,,,,,,484.78999999999996,484.79,,,,,
CA-2011-111934,,,,,,47.32,,,,47.32,,,,,
CA-2011-112718,,,,,,,,,1.1670000000000003,1.167,,,,,
CA-2011-113047,,11.850000000000001,,,11.85,,,,,,,,,,
CA-2011-113166,9.5680000000000014,,,,9.568,,,,,,,,,,
CA-2011-114314,,,,,,,,,16.23,16.23,,,,,
CA-2011-114321,,,,,,,,,1417.35,1417.35,,,,,
CA-2011-114335,,,,337.08800000000002,337.088,,,,,,,,,,
CA-2011-114790,,,,,,,,782.63000000000011,,782.63,,,,,
CA-2011-115084,,,,,,,,,605.34,605.34,,,,,
CA-2011-115357,,,62.91,,62.91,,,,,,,,,,
CA-2011-116190,,,,256.47999999999996,256.48,,,,,,,,,,
CA-2011-116239,,354.90000000000003,,,354.9,,,,,,,,,,
CA-2011-116407,,,,362.17600000000004,362.176,,,,,,,,,,
CA-2011-116568,,,,186.304,186.304,,,,,,,,,,
CA-2011-117016,,,,15.552000000000003,15.552,,,,,,,,,,
CA-2011-117345,,,,,,,,,202.89600000000002,202.896,,,,,
CA-2011-117639,,,,,,,,,3333.9000000000005,3333.9,,,,,
CA-2011-120432,,,,,,,,25.5,,25.5,,,,,
CA-2011-120670,,,,,,,,,,,,,,799.92000000000007,799.92
CA-2011-120768,,,1979.89,,1979.89,,,,,,,,,,
CA-2011-120950,,,,43.68,43.68,,,,,,,,,,
CA-2011-121286,,,,,,,,66.616000000000014,,66.616,,,,,
CA-2011-122217,,,,,,,,,,,,,,111.15,111.15
CA-2011-123400,,,,199.29600000000002,199.296,,,,,,,,,,
CA-2011-123925,,,40.049999999999997,,40.05,,,,,,,,,,
CA-2011-124023,8.9600000000000009,,,,8.96,,,,,,,,,,
CA-2011-124618,,,479.98400000000004,,479.984,,,,,,,,,,
CA-2011-124688,,,,,,1812.01,,,,1812.01,,,,,
CA-2011-125136,,,,,,,,,106.944,106.944,,,,,
CA-2011-125682,,,,,,9.9600000000000009,,,,9.96,,,,,
CA-2011-127299,,,,2692.3290000000002,2692.329,,,,,,,,,,
CA-2011-127488,,,4.6079999999999997,,4.608,,,,,,,,,,
CA-2011-127614,,,,1508.13,1508.13,,,,,,,,,,
CA-2011-128839,,,,254.96999999999997,254.97,,,,,,,,,,
CA-2011-128846,,,,,,,,,752.92,752.92,,,,,
CA-2011-129091,,,,,,,,,1022.61,1022.61,,,,,
CA-2011-129819,,,,,,,,12.39,,12.39,,,,,
CA-2011-130155,34.200000000000003,,,,34.2,,,,,,,,,,
CA-2011-130428,,1142.1649999999997,,,1142.165,,,,,,,,,,
CA-2011-130918,,,7.6320000000000014,,7.632,,,,,,,,,,
CA-2011-131527,,,,95.968000000000004,95.968,,,,,,,,,,
CA-2011-131541,,193.15199999999999,,,193.152,,,,,,,,,,
CA-2011-131905,,,,,,321.56,,,,321.56,,,,,
CA-2011-132010,,,,,,,,,,,389.74,,,,389.74
CA-2011-132612,,,1441.3,,1441.3,,,,,,,,,,
CA-2011-133634,,,,,,,,,,,,,,47.79,47.79
CA-2011-134551,,,,732.31200000000001,732.312,,,,,,,,,,
CA-2011-134621,,,,,,,,,,,,,,18.240000000000002,18.24
CA-2011-136336,,,,,,,,,828.83999999999992,828.84,,,,,
CA-2011-136567,,,,,,,,,,,2884.37,,,,2884.37
CA-2011-136861,31.983999999999998,,,,31.984,,,,,,,,,,
CA-2011-137911,,,,,,,,,88.768000000000001,88.768,,,,,
CA-2011-138296,,,,24.56,24.56,,,,,,,,,,
CA-2011-138527,,,,,,,,,192.42400000000001,192.424,,,,,
CA-2011-138709,,,,37.44,37.44,,,,,,,,,,
CA-2011-140165,,,,,,,,,,,405.45600000000002,,,,405.456
CA-2011-140886,,,,69.216000000000008,69.216,,,,,,,,,,
CA-2011-142727,,,69.900000000000006,,69.9,,,,,,,,,,
CA-2011-142951,,23.472000000000001,,,23.472,,,,,,,,,,
CA-2011-143182,,,,15.384,15.384,,,,,,,,,,
CA-2011-143840,,,,180.93,180.93,,,,,,,,,,
CA-2011-145317,,,,,,,,,,,,,,23661.227999999999,23661.228
CA-2011-145576,,,26.128,,26.128,,,,,,,,,,
CA-2011-146731,,,,147.34400000000002,147.344,,,,,,,,,,
CA-2011-146885,,,,,,,,,13.620000000000001,13.62,,,,,
CA-2011-148285,,,,,,,,,,,,,,22.320000000000004,22.32
CA-2011-148425,,,,,,,,,6.6420000000000012,6.642,,,,,
CA-2011-149020,,,,,,,,,54.83,54.83,,,,,
CA-2011-149538,,,,,,,,,364.92999999999995,364.93,,,,,
CA-2011-149958,,,,370.78200000000004,370.782,,,,,,,,,,
CA-2011-151953,,,,,,,,,2.8160000000000003,2.816,,,,,
CA-2011-151967,,,,,,,,,129.91999999999999,129.92,,,,,
CA-2011-152254,,310.68799999999999,,,310.688,,,,,,,,,,
CA-2011-152268,,,,1793.98,1793.98,,,,,,,,,,
CA-2011-152562,,,,,,,,,75.16,75.16,,,,,
CA-2011-152849,,,,,,,,,4.3680000000000003,4.368,,,,,
CA-2011-153087,,,,,,,,,521.91999999999996,521.92,,,,,
CA-2011-153913,,,,,,,,1015.8160000000001,,1015.816,,,,,
CA-2011-153927,286.65000000000003,,,,286.65,,,,,,,,,,
CA-2011-154158,,,619.84800000000018,,619.848,,,,,,,,,,
CA-2011-155208,,,,,,,,,39.072000000000003,39.072,,,,,
CA-2011-155390,,,,42.207999999999998,42.208,,,,,,,,,,
CA-2011-155852,,,19.456000000000003,,19.456,,,,,,,,,,
CA-2011-156006,,,47.79,,47.79,,,,,,,,,,
CA-2011-156244,,,,,,,,,,,,,,457.74400000000003,457.744
CA-2011-156790,,,155.45600000000002,,155.456,,,,,,,,,,
CA-2011-157609,,,,,,,,,,,,,471.92,,471.92
CA-2011-157784,514.03000000000009,,,,514.03,,,,,,,,,,
CA-2011-158274,,,,,,,,,,,,,682.91,,682.91
CA-2011-158470,,,129.33000000000001,,129.33,,,,,,,,,,
CA-2011-158771,,,,,,,158.70999999999998,,,158.71,,,,,
CA-2011-159184,,,,149.56,149.56,,,,,,,,,,
CA-2011-159681,,,,105.52,105.52,,,,,,,,,,
CA-2011-160094,1000.95,,,,1000.95,,,,,,,,,,
CA-2011-160276,,,,,,,,,177.68,177.68,,,,,
CA-2011-160773,,,,,,,,,581.10399999999993,581.104,,,,,
CA-2011-161634,,,,32.400000000000006,32.4,,,,,,,,,,
CA-2011-162775,,,,,,,,1287.26,,1287.26,,,,,
CA-2011-163013,,,,14.669999999999998,14.67,,,,,,,,,,
CA-2011-163223,,,,,,,,,3769.5600000000004,3769.56,,,,,
CA-2011-163293,,,,,,116.85,,,,116.85,,,,,
CA-2011-164315,,,,1220.67,1220.67,,,,,,,,,,
CA-2011-164749,9.9120000000000008,,,,9.912,,,,,,,,,,
CA-2011-164910,,,,,,,,7.8719999999999999,,7.872,,,,,
CA-2011-165764,,,,1395.6730000000002,1395.673,,,,,,,,,,
CA-2011-165806,,,,,,,,,,,,259.28999999999996,,,259.29
CA-2011-166051,,,,773.7,773.7,,,,,,,,,,
CA-2011-166457,,,40.54,,40.54,,,,,,,,,,
CA-2011-166730,39.128,,,,39.128,,,,,,,,,,
CA-2011-167199,,,,,,,,,,,,,,4374.88,4374.88
CA-2011-167850,,,,,,,,,193.93600000000001,193.936,,,,,
CA-2011-169257,,,,63.381,63.381,,,,,,,,,,
CA-2011-169684,,,,,,426.94200000000001,,,,426.942,,,,,
CA-2011-169775,,,709.04250000000013,,709.0425,,,,,,,,,,
CA-2012-100769,,,,,,,,,,,,255.96799999999999,,,255.968
CA-2012-100888,,,,47.952000000000005,47.952,,,,,,,,,,
CA-2012-101868,,,,175.32,175.32,,,,,,,,,,
CA-2012-102260,,,,,,,,,,,,,,763.50800000000004,763.508
CA-2012-102491,,,,3747.9300000000003,3747.93,,,,,,,,,,
CA-2012-102582,,,,1918.79,1918.79,,,,,,,,,,
CA-2012-102722,106.5,,,,106.5,,,,,,,,,,
CA-2012-102778,18.175999999999998,,,,18.176,,,,,,,,,,
CA-2012-103093,,,,74.52,74.52,,,,,,,,,,
CA-2012-103135,,,,,,,,,,,,,,525.95000000000005,525.95
CA-2012-103772,,,,,,,,,,,,,,260.31,260.31
CA-2012-103793,,,,,,,,,74.352000000000004,74.352,,,,,
CA-2012-103870,,,,,,,,,284.44000000000005,284.44,,,,,
CA-2012-104038,,,,,,176.63,,,,176.63,,,,,
CA-2012-104115,,,,55.984000000000009,55.984,,,,,,,,,,
CA-2012-104241,,,,,,,,,192.22,192.22,,,,,
CA-2012-104941,,,,,,,,,976.29,976.29,,,,,
CA-2012-105571,,,,,,,,,1361.6310000000001,1361.631,,,,,
CA-2012-106187,,,,,,,,,268.39999999999998,268.4,,,,,
CA-2012-107678,,,,893.09,893.09,,,,,,,,,,
CA-2012-108119,,,,301.95999999999998,301.96,,,,,,,,,,
CA-2012-108259,,,,,,,,,81.135000000000005,81.135,,,,,
CA-2012-109386,,,750.93,,750.93,,,,,,,,,,
CA-2012-109470,,,,,,,,596.48,,596.48,,,,,
CA-2012-109708,,,,,,,,467.03999999999996,,467.04,,,,,
CA-2012-110247,,,,8.2260000000000009,8.226,,,,,,,,,,
CA-2012-110345,,,4.6079999999999997,,4.608,,,,,,,,,,
CA-2012-110947,,,,,,,,,,,,,,113.10000000000001,113.1
CA-2012-111199,,,,115.29600000000001,115.296,,,,,,,,,,
CA-2012-111703,,,,27.504000000000005,27.504,,,,,,,,,,
CA-2012-112375,,,,78.192000000000007,78.192,,,,,,,,,,
CA-2012-113628,,,,,,,,,792.50800000000004,792.508,,,,,
CA-2012-114300,,,,371.65999999999997,371.66,,,,,,,,,,
CA-2012-114503,,,,84.960000000000008,84.96,,,,,,,,,,
CA-2012-115091,,,,,,,,,,,,,,75.040000000000006,75.04
CA-2012-115847,,,,,,,,,,,,,61.96,,61.96
CA-2012-115938,,,,535.36,535.36,,,,,,,,,,
CA-2012-116638,,,4297.6440000000002,,4297.644,,,,,,,,,,
CA-2012-116750,,,,,,,,12.158000000000003,,12.158,,,,,
CA-2012-117828,194.32,,,,194.32,,,,,,,,,,
CA-2012-117884,,598.35199999999998,,,598.352,,,,,,,,,,
CA-2012-118444,,,,387.13600000000002,387.136,,,,,,,,,,
CA-2012-118843,,,,199.86,199.86,,,,,,,,,,
CA-2012-119480,,,,364.07,364.07,,,,,,,,,,
CA-2012-119592,,,,,,,,3.76,,3.76,,,,,
CA-2012-119634,,,,46.152000000000001,46.152,,,,,,,,,,
CA-2012-120516,,,,5.64,5.64,,,,,,,,,,
CA-2012-120621,,,,1270.3789999999999,1270.379,,,,,,,,,,
CA-2012-120845,,,,,,,,,22.549000000000003,22.549,,,,,
CA-2012-121552,,,,,,,,,19.559999999999999,19.56,,,,,
CA-2012-121720,,,,,,3165.7440000000001,,,,3165.744,,,,,
CA-2012-122168,,,,,,,,,53.28,53.28,,,,,
CA-2012-122266,,,,194.1395,194.1395,,,,,,,,,,
CA-2012-123092,,,,288.85000000000002,288.85,,,,,,,,,,
CA-2012-123330,,,,107.97600000000001,107.976,,,,,,,,,,
CA-2012-125066,,,,,,,,,62.459999999999994,62.46,,,,,
CA-2012-125563,,,,121.88799999999999,121.888,,,,,,,,,,
CA-2012-125696,,,,,,,,,,,,,,7.3800000000000008,7.38
CA-2012-125976,,,,2026.7800000000002,2026.78,,,,,,,,,,
CA-2012-128027,,,269.49,,269.49,,,,,,,,,,
CA-2012-128083,,,,,,,,,45.976000000000006,45.976,,,,,
CA-2012-128139,,,,365.91,365.91,,,,,,,,,,
CA-2012-128958,,,,,,,,,,,,,,13.120000000000001,13.12
CA-2012-129098,,,,30.84,30.84,,,,,,,,,,
CA-2012-130218,59.480000000000004,,,,59.48,,,,,,,,,,
CA-2012-131422,,,,,,,,,207,207,,,,,
CA-2012-132318,182.91,,,,182.91,,,,,,,,,,
CA-2012-133242,,,,1046.47,1046.47,,,,,,,,,,
CA-2012-133396,,,,,,64.680000000000007,,,,64.68,,,,,
CA-2012-133977,,,,,,,,,,,,,3.4440000000000008,,3.444
CA-2012-134257,,,498.93,,498.93,,,,,,,,,,
CA-2012-134719,,,,1801.6320000000001,1801.632,,,,,,,,,,
CA-2012-134782,,,,105.42,105.42,,,,,,,,,,
CA-2012-134894,,,,436.86,436.86,,,,,,,,,,
CA-2012-134992,,,,,,,,,,,,,80.38,,80.38
CA-2012-135510,,,,,,,,,,,,,,67.959999999999994,67.96
CA-2012-136147,,,,233.06400000000002,233.064,,,,,,,,,,
CA-2012-136224,,10.272000000000002,,,10.272,,,,,,,,,,
CA-2012-137106,,,,,,,,,79.959999999999994,79.96,,,,,
CA-2012-137281,,,,,,,,,6.48,6.48,,,,,
CA-2012-137974,2298.8999999999996,,,,2298.9,,,,,,,,,,
CA-2012-138457,,,,13.092000000000002,13.092,,,,,,,,,,
CA-2012-138625,197.72,,,,197.72,,,,,,,,,,
CA-2012-140718,,,,,,246.36400000000003,,,,246.364,,,,,
CA-2012-140830,,,,,,,,,,,,,89.36,,89.36
CA-2012-141145,,,,87.168000000000006,87.168,,,,,,,,,,
CA-2012-141327,440.14400000000001,,,,440.144,,,,,,,,,,
CA-2012-141565,,,,1664.1320000000001,1664.132,,,,,,,,,,
CA-2012-141754,,,,,,,,,,,,,,11.696,11.696
CA-2012-142202,,,,,,,,717.12000000000012,,717.12,,,,,
CA-2012-142755,,,,919.4899999999999,919.49,,,,,,,,,,
CA-2012-143119,,,,517.5,517.5,,,,,,,,,,
CA-2012-143532,,,,14.496000000000002,14.496,,,,,,,,,,
CA-2012-144288,,,,19.584000000000003,19.584,,,,,,,,,,
CA-2012-145324,,,,,,,,,,,,,,39.96,39.96
CA-2012-145352,,,,6412.7699999999995,6412.77,,,,,,,,,,
CA-2012-147011,,,,,,,,,13.632,13.632,,,,,
CA-2012-147102,,,,,,,,,66.36,66.36,,,,,
CA-2012-147529,,,,,,,,,324.10999999999996,324.11,,,,,
CA-2012-147879,,,,45.68,45.68,,,,,,,,,,
CA-2012-148705,,,,5.04,5.04,,,,,,,,,,
CA-2012-149300,32.984999999999999,,,,32.985,,,,,,,,,,
CA-2012-149342,,,,,,,,,896.31,896.31,,,,,
CA-2012-149734,,,,,,,,,200.98400000000004,200.984,,,,,
CA-2012-150308,,,,,,,,,246.16800000000001,246.168,,,,,
CA-2012-150560,196.62,,,,196.62,,,,,,,,,,
CA-2012-150749,,,5.56,,5.56,,,,,,,,,,
CA-2012-151547,,,,88.960000000000008,88.96,,,,,,,,,,
CA-2012-151624,,,,,,,,,21.36,21.36,,,,,
CA-2012-153038,,,,,,,,,94.688000000000017,94.688,,,,,
CA-2012-153325,,,58.72,,58.72,,,,,,,,,,
CA-2012-153535,,,,169.54399999999998,169.544,,,,,,,,,,
CA-2012-153549,,,,,,,,,,,,,1166.92,,1166.92
CA-2012-153626,,,,5.16,5.16,,,,,,,,,,
CA-2012-153752,,,173.94,,173.94,,,,,,,,,,
CA-2012-154291,,,,,,,,,457.03999999999996,457.04,,,,,
CA-2012-154746,,,,,,860.07,,,,860.07,,,,,
CA-2012-154921,,,,,,,,,186.69,186.69,,,,,
CA-2012-155068,,78.456000000000003,,,78.456,,,,,,,,,,
CA-2012-155453,,,,,,,,,4.6079999999999997,4.608,,,,,
CA-2012-155600,,,1635.0180000000003,,1635.018,,,,,,,,,,
CA-2012-155635,,,,48.81,48.81,,,,,,,,,,
CA-2012-156328,,,,177.48000000000002,177.48,,,,,,,,,,
CA-2012-156734,,,,,,670.00099999999998,,,,670.001,,,,,
CA-2012-158148,,,,36.269999999999996,36.27,,,,,,,,,,
CA-2012-158323,,,,,,17.088000000000001,,,,17.088,,,,,
CA-2012-158421,,,,3631.96,3631.96,,,,,,,,,,
CA-2012-160059,,,,,,,,,,,,,,6.24,6.24
CA-2012-160696,,,,,,,,,7.2400000000000011,7.24,,,,,
CA-2012-161445,,,,,,,,140.73599999999999,,140.736,,,,,
CA-2012-161998,,,,,,,,,277.63200000000001,277.632,,,,,
CA-2012-162201,,,,,,,,,937.60800000000006,937.608,,,,,
CA-2012-162537,,,,104.51,104.51,,,,,,,,,,
CA-2012-162761,,,,50.462000000000003,50.462,,,,,,,,,,
CA-2012-163237,,,,,,,,520.03,,520.03,,,,,
CA-2012-163923,,,,,,,,,,,,,,151.96,151.96
CA-2012-163965,,,,377.90200000000004,377.902,,,,,,,,,,
CA-2012-164427,,,,,,,,,239.70000000000002,239.7,,,,,
CA-2012-165414,47.975999999999999,,,,47.976,,,,,,,,,,
CA-2012-165624,,,,1142.4299999999998,1142.43,,,,,,,,,,
CA-2012-166604,,,,,,,,17.940000000000001,,17.94,,,,,
CA-2012-166975,,,,,,,,,692.47199999999998,692.472,,,,,
CA-2012-167696,,,,31.12,31.12,,,,,,,,,,
CA-2012-168004,,,,,,,,392.93999999999994,,392.94,,,,,
CA-2012-168459,,,,58.050000000000004,58.05,,,,,,,,,,
CA-2012-169572,,,,,,,,,46.62,46.62,,,,,
CA-2012-169677,,,,,,,,9.82,,9.82,,,,,
CA-2012-169733,,,9.952,,9.952,,,,,,,,,,
CA-2012-169740,,,,29.99,29.99,,,,,,,,,,
CA-2013-100307,,,,,,,,,,,,,,19.440000000000001,19.44
CA-2013-101378,,29,,,29,,,,,,,,,,
CA-2013-101469,,,,7.7,7.7,,,,,,,,,,
CA-2013-101525,,,140.52000000000001,,140.52,,,,,,,,,,
CA-2013-102092,1056.8599999999999,,,,1056.86,,,,,,,,,,
CA-2013-102162,,,,1611.01,1611.01,,,,,,,,,,
CA-2013-102498,73.2,,,,73.2,,,,,,,,,,
CA-2013-104157,,,,2503.4699999999998,2503.47,,,,,,,,,,
CA-2013-104276,,,,447.78300000000007,447.783,,,,,,,,,,
CA-2013-105256,,1363.96,,,1363.96,,,,,,,,,,
CA-2013-105662,,,,,,,,,,,,,,270.72800000000001,270.728
CA-2013-105753,,,,,,,,,,,,,,61.1,61.1
CA-2013-106558,,,,,,,,,316,316,,,,,
CA-2013-106894,,107.83,,,107.83,,,,,,,,,,
CA-2013-106950,,,,1854.2410000000002,1854.241,,,,,,,,,,
CA-2013-108105,,,,323.88,323.88,,,,,,,,,,
CA-2013-108567,,,,2.6940000000000004,2.694,,,,,,,,,,
CA-2013-108616,,,,298.83,298.83,,,,,,,,,,
CA-2013-109344,,,,,,,,,,,,,1127.9760000000001,,1127.976
CA-2013-109407,,,,,,,,31.36,,31.36,,,,,
CA-2013-109722,,,1284.8000000000002,,1284.8,,,,,,,,,,
CA-2013-109743,,,,,,,,,104.712,104.712,,,,,
CA-2013-109911,,,,,,,,,10.96,10.96,,,,,
CA-2013-110254,,,,,,,,,,,,,,158.81,158.81
CA-2013-110492,1366.0400000000002,,,,1366.04,,,,,,,,,,
CA-2013-111409,,,,3,3,,,,,,,,,,
CA-2013-111605,,,,2.61,2.61,,,,,,,,,,
CA-2013-112102,,,,448.81,448.81,,,,,,,,,,
CA-2013-112277,,,,,,,,,519.67999999999995,519.68,,,,,
CA-2013-112676,,,,,,14.352000000000002,,,,14.352,,,,,
CA-2013-112697,,,,,,,,1410.0660000000003,,1410.066,,,,,
CA-2013-113236,,,,,,,,232.62400000000002,,232.624,,,,,
CA-2013-113292,,,871.80000000000007,,871.8,,,,,,,,,,
CA-2013-113733,,,,334.25600000000003,334.256,,,,,,,,,,
CA-2013-113747,,,,185.88,185.88,,,,,,,,,,
CA-2013-113831,,,,,,,,,4317.3,4317.3,,,,,
CA-2013-113845,,,,,,,,,574.05600000000004,574.056,,,,,
CA-2013-114713,,,,,,,,,45.584000000000003,45.584,,,,,
CA-2013-115504,,,,,,,,,12.96,12.96,,,,,
CA-2013-116232,,,,24.065999999999999,24.066,,,,,,,,,,
CA-2013-116764,,,,,,,,,9.2159999999999993,9.216,,,,,
CA-2013-116918,,,36.363999999999997,,36.364,,,,,,,,,,
CA-2013-117604,,,,239.5,239.5,,,,,,,,,,
CA-2013-118073,,,,,,,,,562.29250000000013,562.2925,,,,,
CA-2013-118178,,,,,,,,,31.086000000000006,31.086,,,,,
CA-2013-118514,,,,866.4,866.4,,,,,,,,,,
CA-2013-118626,,,,705.54399999999998,705.544,,,,,,,,,,
CA-2013-118934,,,,,,,,,,,,,,16.218000000000004,16.218
CA-2013-119074,,,,,,,,,92.699999999999989,92.7,,,,,
CA-2013-119515,15.552000000000003,,,,15.552,,,,,,,,,,
CA-2013-119823,75.88,,,,75.88,,,,,,,,,,
CA-2013-120873,,,290.98,,290.98,,,,,,,,,,
CA-2013-121020,,,,,,,,,,,,,,239.976,239.976
CA-2013-121958,,,,52.136000000000003,52.136,,,,,,,,,,
CA-2013-122518,,,,,,,,10.08,,10.08,,,,,
CA-2013-123176,,,31.830000000000002,,31.83,,,,,,,,,,
CA-2013-123414,,,,,,,,,,,,,,37.264000000000003,37.264
CA-2013-123533,,,,,,,,,,,,,,392.83200000000011,392.832
CA-2013-123617,,,,,,,,,7.4340000000000011,7.434,,,,,
CA-2013-123946,,,,,,,,,1159.06,1159.06,,,,,
CA-2013-124254,,,,,,,,,191.80799999999999,191.808,,,,,
CA-2013-124772,191.82,,,,191.82,,,,,,,,,,
CA-2013-125017,,,,,,,,,132.22400000000002,132.224,,,,,
CA-2013-125843,125.92000000000002,,,,125.92,,,,,,,,,,
CA-2013-127208,,,,,,224.9,,,,224.9,,,,,
CA-2013-127698,,863.928,,,863.928,,,,,,,,,,
CA-2013-127985,,,,,,,,,,,,,7.04,,7.04
CA-2013-130001,,,,,,,,,36.240000000000009,36.24,,,,,
CA-2013-130442,34.944000000000003,,,,34.944,,,,,,,,,,
CA-2013-130820,,,,,,,630.024,,,630.024,,,,,
CA-2013-131065,,,513.52,,513.52,,,,,,,,,,
CA-2013-131205,,,,291.73999999999995,291.74,,,,,,,,,,
CA-2013-131968,,,,,,,,,,,,,,681.43200000000013,681.432
CA-2013-132549,,,,73.36,73.36,,,,,,,,,,
CA-2013-133123,,,,99.155999999999992,99.156,,,,,,,,,,
CA-2013-133368,,,,405.34400000000005,405.344,,,,,,,,,,
CA-2013-133711,,,,,,3236.41,,,,3236.41,,,,,
CA-2013-133872,58.400000000000006,,,,58.4,,,,,,,,,,
CA-2013-134208,,,,396,396,,,,,,,,,,
CA-2013-134474,,,,,,,,255.904,,255.904,,,,,
CA-2013-134516,,,,,,,,,115.47999999999999,115.48,,,,,
CA-2013-134789,,,,,,,,,,,,,,215.83999999999997,215.84
CA-2013-135636,,,,387.72,387.72,,,,,,,,,,
CA-2013-136126,,,,,,,,,,,,261.10000000000002,,,261.1
CA-2013-136231,,,228.58599999999998,,228.586,,,,,,,,,,
CA-2013-136322,,,,,,,,,,,,,,74.320000000000007,74.32
CA-2013-136483,,,,4.7039999999999997,4.704,,,,,,,,,,
CA-2013-137043,,,859.14,,859.14,,,,,,,,,,
CA-2013-137736,,,,41.86,41.86,,,,,,,,,,
CA-2013-138695,,,,,,,,,452.464,452.464,,,,,
CA-2013-139269,,,,,,,,,,,,,,1311.9699999999998,1311.97
CA-2013-139381,,,,233.48,233.48,,,,,,,,,,
CA-2013-139689,,,,,,,,,40.896000000000001,40.896,,,,,
CA-2013-140543,,,191.88,,191.88,,,,,,,,,,
CA-2013-140571,,,,,,,,,,,,,,365.44,365.44
CA-2013-140641,,,,38.190000000000012,38.19,,,,,,,,,,
CA-2013-140928,,,,,,,,,383.43799999999999,383.438,,,,,
CA-2013-140977,,,,,,,,,,,,,91.474999999999994,,91.475
CA-2013-141180,,,7.7640000000000011,,7.764,,,,,,,,,,
CA-2013-142097,,,,,,,,,342.76,342.76,,,,,
CA-2013-142370,,,,254.99,254.99,,,,,,,,,,
CA-2013-142895,,,,370.18400000000003,370.184,,,,,,,,,,
CA-2013-143308,,10.74,,,10.74,,,,,,,,,,
CA-2013-143805,,,,,,,,2145.2499999999995,,2145.25,,,,,
CA-2013-144344,,314.39300000000003,,,314.393,,,,,,,,,,
CA-2013-145247,79.14,,,,79.14,,,,,,,,,,
CA-2013-145499,3.2820000000000005,,,,3.282,,,,,,,,,,
CA-2013-145709,,,,,,,,,64.24799999999999,64.248,,,,,
CA-2013-145905,,,,1264.1400000000001,1264.14,,,,,,,,,,
CA-2013-146143,,,,133.38,133.38,,,,,,,,,,
CA-2013-146150,,,,264.18,264.18,,,,,,,,,,
CA-2013-146171,,,,,,,,,,,,,,558.24,558.24
CA-2013-147368,695.7,,,,695.7,,,,,,,,,,
CA-2013-148684,,,,870.04,870.04,,,,,,,,,,
CA-2013-149111,,,,,,,,,,,,,55.416000000000004,,55.416
CA-2013-149454,,,,,,,,,,,10.44,,,,10.44
CA-2013-149783,,,131.10400000000001,,131.104,,,,,,,,,,
CA-2013-149979,,,487.21999999999997,,487.22,,,,,,,,,,
CA-2013-150000,,,,17.920000000000002,17.92,,,,,,,,,,
CA-2013-151155,,,,,,,,,,,,,,34.340000000000003,34.34
CA-2013-152156,,,993.89999999999986,,993.9,,,,,,,,,,
CA-2013-152163,,85.5,,,85.5,,,,,,,,,,
CA-2013-152471,,839.94400000000019,,,839.944,,,,,,,,,,
CA-2013-153318,,,,,,783.96000000000015,,,,783.96,,,,,
CA-2013-154060,,,,187.05600000000001,187.056,,,,,,,,,,
CA-2013-154403,,,,,,,,,,,,,,4.9800000000000004,4.98
CA-2013-154690,,,225.29600000000002,,225.296,,,,,,,,,,
CA-2013-155138,,,,99.872000000000014,99.872,,,,,,,,,,
CA-2013-155439,,,,,,,,,,,,,,25.92,25.92
CA-2013-155670,,,21.504000000000005,,21.504,,,,,,,,,,
CA-2013-156503,,,,305.24799999999999,305.248,,,,,,,,,,
CA-2013-156573,,,,60.484999999999999,60.485,,,,,,,,,,
CA-2013-157161,,,,,,,,199.18,,199.18,,,,,
CA-2013-157245,,,,641.96,641.96,,,,,,,,,,
CA-2013-157280,1120.73,,,,1120.73,,,,,,,,,,
CA-2013-157364,18.48,,,,18.48,,,,,,,,,,
CA-2013-157588,,,,88.15,88.15,,,,,,,,,,
CA-2013-157763,,,,,,,,,140.81,140.81,,,,,
CA-2013-158841,,,8805.0400000000009,,8805.04,,,,,,,,,,
CA-2013-159142,,,,,,,,,,,177.78,,,,177.78
CA-2013-159212,,,,,,,,,,,,,,273.59000000000003,273.59
CA-2013-159653,,14.73,,,14.73,,,,,,,,,,
CA-2013-159765,,,27.86,,27.86,,,,,,,,,,
CA-2013-159891,,,,,,,,,,,,,,1396.35,1396.35
CA-2013-159989,,,,40.68,40.68,,,,,,,,,,
CA-2013-160234,,,,135.94999999999999,135.95,,,,,,,,,,
CA-2013-160486,,,,72.224000000000004,72.224,,,,,,,,,,
CA-2013-160598,,,,,,31.007999999999999,,,,31.008,,,,,
CA-2013-162159,,,,,,,,,,,121.78,,,,121.78
CA-2013-162236,,,,,,,,1106.9240000000002,,1106.924,,,,,
CA-2013-162355,,,1302.83,,1302.83,,,,,,,,,,
CA-2013-162747,,,,,,,,86.45,,86.45,,,,,
CA-2013-162901,,,,,,31.4,,,,31.4,,,,,
CA-2013-163167,,,,,,,,2673.69,,2673.69,,,,,
CA-2013-163174,,,,186.54,186.54,,,,,,,,,,
CA-2013-163776,,,,1110.5,1110.5,,,,,,,,,,
CA-2013-164350,,,,,,,,,,,,,67.56,,67.56
CA-2013-164574,,,,732.15599999999995,732.156,,,,,,,,,,
CA-2013-164735,,,81.199999999999989,,81.2,,,,,,,,,,
CA-2013-164784,377.346,,,,377.346,,,,,,,,,,
CA-2013-165316,,,,,,,,,324.38700000000006,324.387,,,,,
CA-2013-165470,,,,,,,,,,,,,,5.08,5.08
CA-2013-165827,,,,,,,,,50.496000000000002,50.496,,,,,
CA-2013-166282,,,,158.256,158.256,,,,,,,,,,
CA-2013-166380,,,,,,,,,138.53,138.53,,,,,
CA-2013-166485,,,,16.496000000000002,16.496,,,,,,,,,,
CA-2013-168536,,,,66.300000000000011,66.3,,,,,,,,,,
CA-2013-168753,,,1002.7,,1002.7,,,,,,,,,,
CA-2013-168893,,,903.7700000000001,,903.77,,,,,,,,,,
CA-2013-169026,,,,,,,,,,,,,,23.34,23.34
CA-2013-169103,,,,1466.32,1466.32,,,,,,,,,,
CA-2013-169334,,,111.67200000000001,,111.672,,,,,,,,,,
CA-2014-100412,,,,,,,,,,,,,,141.96,141.96
CA-2014-100426,,,,12.48,12.48,,,,,,,,,,
CA-2014-100622,,,,1030.7420000000002,1030.742,,,,,,,,,,
CA-2014-100902,,,,699.40000000000009,699.4,,,,,,,,,,
CA-2014-101042,,,,843.83999999999992,843.84,,,,,,,,,,
CA-2014-101210,,,13.152000000000001,,13.152,,,,,,,,,,
CA-2014-101273,,,14.336000000000002,,14.336,,,,,,,,,,
CA-2014-101483,,,61.216000000000008,,61.216,,,,,,,,,,
CA-2014-102204,,,,3740.51,3740.51,,,,,,,,,,
CA-2014-102309,,,212.91000000000003,,212.91,,,,,,,,,,
CA-2014-102554,,,,,,,,,,,,,,3.76,3.76
CA-2014-102610,,,,248.39599999999999,248.396,,,,,,,,,,
CA-2014-102736,,,,177.07999999999998,177.08,,,,,,,,,,
CA-2014-103009,,,,,,,,26.400000000000002,,26.4,,,,,
CA-2014-103065,,59.824000000000012,,,59.824,,,,,,,,,,
CA-2014-103212,1541.51,,,,1541.51,,,,,,,,,,
CA-2014-103499,,,,209.56799999999998,209.568,,,,,,,,,,
CA-2014-104318,,,,,,,,,20.768000000000001,20.768,,,,,
CA-2014-104731,,,,951.98,951.98,,,,,,,,,,
CA-2014-104864,,,,,,,,552.85599999999999,,552.856,,,,,
CA-2014-105620,141,,,,141,,,,,,,,,,
CA-2014-106537,,,,20.736000000000004,20.736,,,,,,,,,,
CA-2014-107167,,,,,,,,,1347.5200000000002,1347.52,,,,,
CA-2014-107209,,,194.84800000000001,,194.848,,,,,,,,,,
CA-2014-107461,,,23.88,,23.88,,,,,,,,,,
CA-2014-108035,,,,491.88800000000003,491.888,,,,,,,,,,
CA-2014-108112,,,,559.20000000000005,559.2,,,,,,,,,,
CA-2014-108287,12.672000000000001,,,,12.672,,,,,,,,,,
CA-2014-108322,,,,,,,,,26.056000000000004,26.056,,,,,
CA-2014-109183,,,,649,649,,,,,,,,,,
CA-2014-109589,71,,,,71,,,,,,,,,,
CA-2014-110198,318.95999999999998,,,,318.96,,,,,,,,,,
CA-2014-110212,,,,,,,,,,,,,,48.9,48.9
CA-2014-110310,,,,,,,,,68.966999999999999,68.967,,,,,
CA-2014-110926,,,,25.060000000000002,25.06,,,,,,,,,,
CA-2014-112774,34.504000000000005,,,,34.504,,,,,,,,,,
CA-2014-113481,,,,,,740.21400000000006,,,,740.214,,,,,
CA-2014-113558,,,,,,,,,,,,,,729.64800000000014,729.648
CA-2014-113705,,,874.8,,874.8,,,,,,,,,,
CA-2014-114055,,,,,,,,,,,,,819.28,,819.28
CA-2014-114412,,,,15.552000000000003,15.552,,,,,,,,,,
CA-2014-114636,,,,192.16000000000003,192.16,,,,,,,,,,
CA-2014-115070,,,,,,,,16.739000000000004,,16.739,,,,,
CA-2014-115448,88.920000000000016,,,,88.92,,,,,,,,,,
CA-2014-115882,,,,,,1017.1360000000001,,,,1017.136,,,,,
CA-2014-116113,,,,,,,,10.16,,10.16,,,,,
CA-2014-116855,,,,504.90000000000003,504.9,,,,,,,,,,
CA-2014-116939,,,,177.54999999999998,177.55,,,,,,,,,,
CA-2014-117079,,,,863.87999999999988,863.88,,,,,,,,,,
CA-2014-117198,,,,659.9,659.9,,,,,,,,,,
CA-2014-117695,,,,,,13.76,,,,13.76,,,,,
CA-2014-118402,,,,243.92,243.92,,,,,,,,,,
CA-2014-119004,,,,105.40800000000002,105.408,,,,,,,,,,
CA-2014-119284,,,,,,,,,2942.7840000000001,2942.784,,,,,
CA-2014-119305,,,,173.79999999999998,173.8,,,,,,,,,,
CA-2014-119669,,,,5.67,5.67,,,,,,,,,,
CA-2014-120705,,,,,,,,,,,,,,147.184,147.184
CA-2014-120894,,,,28.08,28.08,,,,,,,,,,
CA-2014-121314,251.64,,,,251.64,,,,,,,,,,
CA-2014-121419,,,,,,,,,,,771.8,,,,771.8
CA-2014-121804,,,,72.8,72.8,,,,,,,,,,
CA-2014-121818,52.696000000000005,,,,52.696,,,,,,,,,,
CA-2014-122056,,,,181.86,181.86,,,,,,,,,,
CA-2014-122154,284.19,,,,284.19,,,,,,,,,,
CA-2014-122693,,,,,,,,1245.8599999999999,,1245.86,,,,,
CA-2014-122707,,,,,,503.22,,,,503.22,,,,,
CA-2014-122987,,80.564000000000007,,,80.564,,,,,,,,,,
CA-2014-122994,359.96999999999997,,,,359.97,,,,,,,,,,
CA-2014-123239,,,91.032000000000011,,91.032,,,,,,,,,,
CA-2014-123351,,,,80.48,80.48,,,,,,,,,,
CA-2014-123687,,,,,,234.2,,,,234.2,,,,,
CA-2014-124296,,,,712.85,712.85,,,,,,,,,,
CA-2014-124597,,,,,,,,,,,,,,32.088000000000001,32.088
CA-2014-124765,,,,723.92,723.92,,,,,,,,,,
CA-2014-124828,,,,,,9.5519999999999996,,,,9.552,,,,,
CA-2014-124898,,,,,,,,,,,,,,184.66,184.66
CA-2014-125472,253.85999999999999,,,,253.86,,,,,,,,,,
CA-2014-125745,,,,,,,,,19.52,19.52,,,,,
CA-2014-125752,,,,,,,,,,,,,,41.424000000000007,41.424
CA-2014-126046,,,,,,,,,12.39,12.39,,,,,
CA-2014-126354,,,,119.17800000000001,119.178,,,,,,,,,,
CA-2014-126382,,,,,,,,,35.168000000000006,35.168,,,,,
CA-2014-126774,4.8899999999999997,,,,4.89,,,,,,,,,,
CA-2014-126914,,,,776.08000000000015,776.08,,,,,,,,,,
CA-2014-127306,,,,175.08600000000001,175.086,,,,,,,,,,
CA-2014-127516,,,,,,,,,,,,,,64.784000000000006,64.784
CA-2014-127726,,,209.88,,209.88,,,,,,,,,,
CA-2014-127803,,,,,,,,,26.16,26.16,,,,,
CA-2014-128300,,,,,,,,406.93999999999994,,406.94,,,,,
CA-2014-128363,,,,2382.9260000000004,2382.926,,,,,,,,,,
CA-2014-128475,,,,,,,,,,,,,,71.98,71.98
CA-2014-128629,,,18.84,,18.84,,,,,,,,,,
CA-2014-128699,,,47.992000000000004,,47.992,,,,,,,,,,
CA-2014-128755,,,,629.86,629.86,,,,,,,,,,
CA-2014-128769,,,,,,,,,81.567999999999998,81.568,,,,,
CA-2014-129021,,,4590.344000000001,,4590.344,,,,,,,,,,
CA-2014-129028,,,,,,127.94999999999999,,,,127.95,,,,,
CA-2014-129462,,,740.59,,740.59,,,,,,,,,,
CA-2014-129490,,,,,,,,,,,,,,419.13599999999997,419.136
CA-2014-129910,,,,,,,,,,,,,,59.76,59.76
CA-2014-130309,,,,544.38,544.38,,,,,,,,,,
CA-2014-130834,,,16.272000000000002,,16.272,,,,,,,,,,
CA-2014-130904,,,,22.744,22.744,,,,,,,,,,
CA-2014-132185,,,,52.344000000000001,52.344,,,,,,,,,,
CA-2014-132213,,,,,,,,,,,109.96799999999999,,,,109.968
CA-2014-133095,,,,,,,,,,,,117.62,,,117.62
CA-2014-133235,271.95999999999998,,,,271.96,,,,,,,,,,
CA-2014-133263,,,,,,,,3098.6099999999997,,3098.61,,,,,
CA-2014-133501,,,,5.1840000000000011,5.184,,,,,,,,,,
CA-2014-133641,,,,48.69,48.69,,,,,,,,,,
CA-2014-133928,,,,4.572000000000001,4.572,,,,,,,,,,
CA-2014-134096,,,,,,,,,,,,,,399.53000000000003,399.53
CA-2014-134495,,,,,,,,269.40000000000003,,269.4,,,,,
CA-2014-134649,,,,,,,,22.63,,22.63,,,,,
CA-2014-134810,,,,,,272.23199999999997,,,,272.232,,,,,
CA-2014-135587,,,,372.64,372.64,,,,,,,,,,
CA-2014-136826,,,,,,,,,14.015999999999998,14.016,,,,,
CA-2014-137631,,,,751.98400000000004,751.984,,,,,,,,,,
CA-2014-138779,29.664000000000001,,,,29.664,,,,,,,,,,
CA-2014-138975,,,,2361.52,2361.52,,,,,,,,,,
CA-2014-139353,,,273.08800000000002,,273.088,,,,,,,,,,
CA-2014-139493,,,,15.920000000000002,15.92,,,,,,,,,,
CA-2014-139619,,,,,,,,,95.616,95.616,,,,,
CA-2014-139787,,,,,,,,,,,,,,35.4,35.4
CA-2014-139948,,,,7.9040000000000008,7.904,,,,,,,,,,
CA-2014-140088,,,301.95999999999998,,301.96,,,,,,,,,,
CA-2014-140627,,,,303.32000000000005,303.32,,,,,,,,,,
CA-2014-140872,,,,1111.6980000000001,1111.698,,,,,,,,,,
CA-2014-141446,,,,,,,,,,,,,18,,18
CA-2014-141614,,,,,,,,,20.736000000000004,20.736,,,,,
CA-2014-142090,,,,2165.6579999999999,2165.658,,,,,,,,,,
CA-2014-142671,,,,,,,,,,,,,11.520000000000001,,11.52
CA-2014-143567,,,,,,,,3291.0699999999997,,3291.07,,,,,
CA-2014-143756,701.96,,,,701.96,,,,,,,,,,
CA-2014-143861,,,,17.088000000000001,17.088,,,,,,,,,,
CA-2014-144365,,,,11.68,11.68,,,,,,,,,,
CA-2014-144456,,,,,,,,,,,220.05600000000001,,,,220.056
CA-2014-144498,,817.82900000000018,,,817.829,,,,,,,,,,
CA-2014-144694,,,253.82400000000001,,253.824,,,,,,,,,,
CA-2014-145275,,,,14.940000000000001,14.94,,,,,,,,,,
CA-2014-145310,,,7.8239999999999998,,7.824,,,,,,,,,,
CA-2014-145702,,,,,,,,342.23999999999995,,342.24,,,,,
CA-2014-145737,,,,163.96,163.96,,,,,,,,,,
CA-2014-146136,,,,24.448,24.448,,,,,,,,,,
CA-2014-146192,,,,675.06000000000006,675.06,,,,,,,,,,
CA-2014-146458,,,22.959999999999997,,22.96,,,,,,,,,,
CA-2014-146535,,,,,,,,,,,,,,1446.8400000000001,1446.84
CA-2014-146983,,,,1577.94,1577.94,,,,,,,,,,
CA-2014-147228,,,,458.98400000000004,458.984,,,,,,,,,,
CA-2014-147333,,,,,,,,,204.55,204.55,,,,,
CA-2014-147361,,,,,,,,,685.26,685.26,,,,,
CA-2014-147760,,,,,,1883.7240000000002,,,,1883.724,,,,,
CA-2014-148166,,,,,,,,,,,,,,17.856000000000002,17.856
CA-2014-148404,,,,,,,,,,,,,,1027.21,1027.21
CA-2014-148474,,,,,,,,,,,,,,544.13999999999987,544.14
CA-2014-148810,,,,,,,,,287.42400000000004,287.424,,,,,
CA-2014-148922,,,,,,,,,,,,,684.78000000000009,,684.78
CA-2014-148999,,,,419.13599999999997,419.136,,,,,,,,,,
CA-2014-149146,,,,,,,,,,,,7.9680000000000009,,,7.968
CA-2014-149853,,,,33.472000000000008,33.472,,,,,,,,,,
CA-2014-150910,,,,1090.348,1090.348,,,,,,,,,,
CA-2014-150931,,,,,,,,,,,,,,33.74,33.74
CA-2014-151211,,,,,,,,,,,,,,201.09,201.09
CA-2014-151218,4.4640000000000004,,,,4.464,,,,,,,,,,
CA-2014-151855,,,,,,,,,39.251999999999995,39.252,,,,,
CA-2014-152786,,,,40.410000000000004,40.41,,,,,,,,,,
CA-2014-152968,,,,23.08,23.08,,,,,,,,,,
CA-2014-153339,,,,,,,,15.991999999999999,,15.992,,,,,
CA-2014-153654,,,,,,,,19.008000000000003,,19.008,,,,,
CA-2014-154088,,,,26.720000000000002,26.72,,,,,,,,,,
CA-2014-154123,,,,,,,,,,,,,,27.58,27.58
CA-2014-154816,,,,,,,,,5.78,5.78,,,,,
CA-2014-155089,,,,,,,,,,,,,,45.660000000000011,45.66
CA-2014-155159,,,48.87,,48.87,,,,,,,,,,
CA-2014-155292,,,,,,,,,,,204.98000000000002,,,,204.98
CA-2014-155698,,,,,,668.54000000000008,,,,668.54,,,,,
CA-2014-155705,,,866.4,,866.4,,,,,,,,,,
CA-2014-155824,,,,,,,,,61.876000000000005,61.876,,,,,
CA-2014-156272,,,,,,,,,64.384,64.384,,,,,
CA-2014-156769,54.66,,,,54.66,,,,,,,,,,
CA-2014-157854,,,,,,,,,2747.2500000000005,2747.25,,,,,
CA-2014-157931,,,,,,,,,,,,,830.24,,830.24
CA-2014-158386,,,,124.75,124.75,,,,,,,,,,
CA-2014-158407,,,,,,,,,103.968,103.968,,,,,
CA-2014-158561,,,,,,,,1158.1199999999999,,1158.12,,,,,
CA-2014-158729,1665.62,,,,1665.62,,,,,,,,,,
CA-2014-158743,,,,199.17000000000002,199.17,,,,,,,,,,
CA-2014-158883,,25.344000000000001,,,25.344,,,,,,,,,,
CA-2014-158967,19.103999999999999,,,,19.104,,,,,,,,,,
CA-2014-159100,,,,,,,,,1893.7860000000001,1893.786,,,,,
CA-2014-159135,,,,,,,,,,,,,,4.3,4.3
CA-2014-159464,,,,,,524.85,,,,524.85,,,,,
CA-2014-159667,,,,,,,,,,,,,,691.14400000000001,691.144
CA-2014-159954,,,,2.78,2.78,,,,,,,,,,
CA-2014-160017,,,,,,,,,10.368000000000002,10.368,,,,,
CA-2014-160423,,,,,,,,,,,,,,383.99199999999996,383.992
CA-2014-160458,,,25.920000000000005,,25.92,,,,,,,,,,
CA-2014-160724,,,,,,,,,34.5,34.5,,,,,
CA-2014-160899,,,,,,,,,,,,,477.51,,477.51
CA-2014-161046,,,,,,,839.25,,,839.25,,,,,
CA-2014-161053,726.91000000000008,,,,726.91,,,,,,,,,,
CA-2014-161088,,,,,,,,,,,,,,29.84,29.84
CA-2014-161130,,,,,,,,,361.37600000000003,361.376,,,,,
CA-2014-161200,,,161.14000000000001,,161.14,,,,,,,,,,
CA-2014-161592,,,,,,,,,8.1000000000000014,8.1,,,,,
CA-2014-161851,,,,,,15.570000000000004,,,,15.57,,,,,
CA-2014-161970,,,,30.900000000000002,30.9,,,,,,,,,,
CA-2014-162033,,,,,,,,,,,,,,57.01,57.01
CA-2014-162173,,,,608.43000000000006,608.43,,,,,,,,,,
CA-2014-162635,10.816000000000001,,,,10.816,,,,,,,,,,
CA-2014-163321,,,79.992000000000004,,79.992,,,,,,,,,,
CA-2014-163335,79,,,,79,,,,,,,,,,
CA-2014-163510,,,400.39,,400.39,,,,,,,,,,
CA-2014-163629,,,,,,,,,286.08999999999997,286.09,,,,,
CA-2014-164756,,,,,,,,,997.83,997.83,,,,,
CA-2014-164917,,,,,,,,,47.96,47.96,,,,,
CA-2014-165029,,,,,,,,,12.84,12.84,,,,,
CA-2014-165204,,,728.96800000000007,,728.968,,,,,,,,,,
CA-2014-165687,,,,35.04,35.04,,,,,,,,,,
CA-2014-165715,,,,32.776000000000003,32.776,,,,,,,,,,
CA-2014-165904,,,,,,,,,,,,,,235.44000000000003,235.44
CA-2014-167871,,,,47.328000000000003,47.328,,,,,,,,,,
CA-2014-167941,,,831.36800000000017,,831.368,,,,,,,,,,
CA-2014-168102,,,,,,,,,113.56800000000001,113.568,,,,,
CA-2014-168389,,,,,,,,,873.81100000000004,873.811,,,,,
CA-2014-169005,,,,5.56,5.56,,,,,,,,,,
CA-2014-169012,,,,,,,,,41.910000000000004,41.91,,,,,
US-2011-102715,,,737.2,,737.2,,,,,,,,,,
US-2011-107405,,,,,,,,,16.272000000000002,16.272,,,,,
US-2011-109162,,,,,,,,,170.35200000000003,170.352,,,,,
US-2011-114377,,149.9,,,149.9,,,,,,,,,,
US-2011-115196,,,,1299.99,1299.99,,,,,,,,,,
US-2011-117135,,,425.66999999999996,,425.67,,,,,,,,,,
US-2011-117170,,,,52.608000000000004,52.608,,,,,,,,,,
US-2011-118997,,,,,,,,,1215.92,1215.92,,,,,
US-2011-125521,,,,,,,,,,,,,,1139.92,1139.92
US-2011-130358,23.119999999999997,,,,23.12,,,,,,,,,,
US-2011-138835,,,,,,,,,,,,,,9.64,9.64
US-2011-143581,,,,,,,,,344.90999999999997,344.91,,,,,
US-2011-147627,,,,1859.4,1859.4,,,,,,,,,,
US-2011-147774,,,,,,,,,67.194000000000003,67.194,,,,,
US-2011-150574,,,,252.61200000000002,252.612,,,,,,,,,,
US-2011-155502,,,,,,,,,,,,,,944.61,944.61
US-2011-155544,,,,310.52800000000002,310.528,,,,,,,,,,
US-2011-155817,,,,,,,,,,,,,,67.759999999999991,67.76
US-2011-156216,,,,,,,,,18.648000000000003,18.648,,,,,
US-2011-156559,,,,638.82000000000005,638.82,,,,,,,,,,
US-2011-157231,,,,,,,,,115.36,115.36,,,,,
US-2011-158057,,,,59.109000000000016,59.109,,,,,,,,,,
US-2011-164763,,,,,,,,,103.50000000000001,103.5,,,,,
US-2011-165659,,,,904.13,904.13,,,,,,,,,,
US-2011-167633,,,,15.552000000000003,15.552,,,,,,,,,,
US-2012-106495,11.672000000000001,,,,11.672,,,,,,,,,,
US-2012-108966,,,,979.94550000000004,979.9455,,,,,,,,,,
US-2012-112508,,,,,,,,,6.9920000000000009,6.992,,,,,
US-2012-113327,,,,,,,,,,,,,352.16800000000001,,352.168
US-2012-120572,,,,12.828000000000001,12.828,,,,,,,,,,
US-2012-123960,,,,207.82,207.82,,,,,,,,,,
US-2012-129553,,,,29.97,29.97,,,,,,,,,,
US-2012-130519,,,,,,,111.904,,,111.904,,,,,
US-2012-131842,,,,,,97.424000000000007,,,,97.424,,,,,
US-2012-134026,,,,1001.7600000000001,1001.76,,,,,,,,,,
US-2012-136476,,,,,,,,,157.79400000000004,157.794,,,,,
US-2012-136749,,,433.78,,433.78,,,,,,,,,,
US-2012-140851,,,,,,,,38.880000000000003,,38.88,,,,,
US-2012-145436,,,,551.26400000000001,551.264,,,,,,,,,,
US-2012-148817,,,,,,,,,125.64,125.64,,,,,
US-2012-149629,,,,,,,,231.92000000000002,,231.92,,,,,
US-2012-151435,,,85.98,,85.98,,,,,,,,,,
US-2012-158911,,,,,,,,,16.712000000000003,16.712,,,,,
US-2012-164357,,,,13.120000000000001,13.12,,,,,,,,,,
US-2012-168732,,,,129.63999999999999,129.64,,,,,,,,,,
US-2012-168935,,,,459.43350000000004,459.4335,,,,,,,,,,
US-2013-101616,,,,,,87.28,,,,87.28,,,,,
US-2013-102232,,,,,,,,,197.04999999999998,197.05,,,,,
US-2013-106600,354.90000000000003,,,,354.9,,,,,,,,,,
US-2013-108504,,,,,,,,,,,,2075.5100000000002,,,2075.51
US-2013-108637,,,,,,,,,,,,,,334.2,334.2
US-2013-109260,,,,,,,,,,,,,,431.97600000000006,431.976
US-2013-113649,645.13599999999997,,,,645.136,,,,,,,,,,
US-2013-116400,39.92,,,,39.92,,,,,,,,,,
US-2013-119298,59.98,,,,59.98,,,,,,,,,,
US-2013-120929,,,189.88200000000001,,189.882,,,,,,,,,,
US-2013-121013,,,,1678,1678,,,,,,,,,,
US-2013-123750,,,,,,,,,,,,,,895.06,895.06
US-2013-131891,2.2140000000000004,,,,2.214,,,,,,,,,,
US-2013-132857,,,,6.6719999999999988,6.672,,,,,,,,,,
US-2013-134761,,36.192,,,36.192,,,,,,,,,,
US-2013-135209,,,,,,,,,,,,,62.752000000000002,,62.752
US-2013-135923,,,,530.27199999999993,530.272,,,,,,,,,,
US-2013-137295,,,,187.22800000000001,187.228,,,,,,,,,,
US-2013-138408,,,,,,,,1319.96,,1319.96,,,,,
US-2013-139262,,,,,,,,,,,,,,471.07800000000003,471.078
US-2013-140809,,,,,,56.449999999999996,,,,56.45,,,,,
US-2013-142251,,,32.064,,32.064,,,,,,,,,,
US-2013-144393,,,,,,,,,17.616000000000003,17.616,,,,,
US-2013-146570,,,,,,,,,,,,,,612.14,612.14
US-2013-147991,,,,16.72,16.72,,,,,,,,,,
US-2013-148803,,85.224000000000004,,,85.224,,,,,,,,,,
US-2013-148901,,,,,,,,,191.018,191.018,,,,,
US-2013-150357,,,,,,,,,24.703000000000003,24.703,,,,,
US-2013-150567,,,,,,,,,29.97000000000001,29.97,,,,,
US-2013-153815,,,,,,368.43200000000002,,,,368.432,,,,,
US-2013-155404,,,,,,,,,,,,,,13.28,13.28
US-2013-156692,,89.320000000000007,,,89.32,,,,,,,,,,
US-2013-158309,,,,,,,,,,,3.7440000000000007,,,,3.744
US-2013-159415,,,,,,,,,79.12,79.12,,,,,
US-2013-161844,,,,,,,,82.919999999999987,,82.92,,,,,
US-2013-162677,187.61600000000001,,,,187.616,,,,,,,,,,
US-2013-164588,,,,12.84,12.84,,,,,,,,,,
US-2013-164630,,,,,,,,,959.96800000000007,959.968,,,,,
US-2013-167472,678.86999999999989,,,,678.87,,,,,,,,,,
US-2013-168620,,,,,,,,,,,,,823.61000000000013,,823.61
US-2013-169369,,,,299.07,299.07,,,,,,,,,,
US-2014-100930,,,,,,,,,,,,,,1735.8505000000002,1735.8505
US-2014-102904,,,,239.92,239.92,,,,,,,,,,
US-2014-105935,,,,3002.65,3002.65,,,,,,,,,,
US-2014-108063,34.650000000000006,,,,34.65,,,,,,,,,,
US-2014-108315,,,,,,,,,,,,,,225.54600000000002,225.546
US-2014-109610,,,,,,,,701.96,,701.96,,,,,
US-2014-114356,,,,,,,,,,,,,,35.96,35.96
US-2014-115252,,,,,,,,,30.336000000000006,30.336,,,,,
US-2014-117450,,,,107.55200000000002,107.552,,,,,,,,,,
US-2014-120390,,,,,,,,,,,,,,1633.1880000000003,1633.188
US-2014-120607,,195.64,,,195.64,,,,,,,,,,
US-2014-126060,,,,,,,,,198.27200000000002,198.272,,,,,
US-2014-126179,,,,311.95999999999998,311.96,,,,,,,,,,
US-2014-128118,,,,,,,,,76.521000000000015,76.521,,,,,
US-2014-128951,,,,,,1065.8400000000001,,,,1065.84,,,,,
US-2014-129224,,,,,,,,,,,,,,4.6079999999999997,4.608
US-2014-132031,,,,,,,,,,,,,,513.49600000000009,513.496
US-2014-132297,,,,,,,,,,,,,,598.31000000000006,598.31
US-2014-132675,,,,,,,,,,,,,,148.16000000000003,148.16
US-2014-133781,37.608000000000004,,,,37.608,,,,,,,,,,
US-2014-134642,,,,428.70400000000001,428.704,,,,,,,,,,
US-2014-135062,,,229.54400000000001,,229.544,,,,,,,,,,
US-2014-135503,,,,,,,,,14.76,14.76,,,,,
US-2014-135986,,,,536.36,536.36,,,,,,,,,,
US-2014-136189,,,,82.38,82.38,,,,,,,,,,
US-2014-146822,,,,49.12,49.12,,,,,,,,,,
US-2014-146878,,,,12.294,12.294,,,,,,,,,,
US-2014-148768,,,,,,,,,,,,,71.975999999999999,,71.976
US-2014-148831,348.56,,,,348.56,,,,,,,,,,
US-2014-149510,,,,98.445999999999998,98.446,,,,,,,,,,
US-2014-152492,,239.24,,,239.24,,,,,,,,,,
US-2014-152842,,,,242.35200000000003,242.352,,,,,,,,,,
US-2014-152898,,,,67.900000000000006,67.9,,,,,,,,,,
US-2014-153633,,,2.0640000000000001,,2.064,,,,,,,,,,
US-2014-156083,,,,,,,,,,,,,,9.6640000000000015,9.664
US-2014-158526,,,1814.6799999999998,,1814.68,,,,,,,,,,
US-2014-159205,,,,,,,,,,,,,732.93,,732.93
US-2014-162208,,,,,,2.8960000000000004,,,,2.896,,,,,
US-2014-162558,,,,,,,,,,,2437.672,,,,2437.672
US-2014-162670,,,,,,,,1152.8700000000001,,1152.87,,,,,
US-2014-163195,,,29.160000000000004,,29.16,,,,,,,,,,
US-2014-165953,,,,71.096000000000004,71.096,,,,,,,,,,
US-2014-166233,,,,24,24,,,,,,,,,,
US-2014-166611,,,,,,,,,68.742000000000019,68.742,,,,,
US-2014-167920,,,1827.51,,1827.51,,,,,,,,,,
US-2014-168116,,,,,,,8167.4199999999992,,,8167.42,,,,,
US-2014-168690,,,,2.8080000000000007,2.808,,,,,,,,,,
Grand Total,20802.172999999992,8132.4089999999987,49724.254500000003,116922.13449999994,195580.971,20792.607000000004,9907.3079999999991,35243.231000000007,55942.786500000009,121885.9325,7737.7859999999982,2977.4560000000001,8791.1270000000004,54748.632500000007,74255.0015
